date,meter_id,kwh,location
2024-01-01,METER-001,353.8,Office Floor 1
2024-01-01,METER-002,277.3,Office Floor 2
2024-01-01,METER-003,181.9,Server Room
2024-01-02,METER-001,346.7,Office Floor 1
2024-01-02,METER-002,254.4,Office Floor 2
2024-01-02,METER-003,175.1,Server Room
2024-01-03,METER-001,337.3,Office Floor 1
2024-01-03,METER-002,277.6,Office Floor 2
2024-01-03,METER-003,162.8,Server Room
2024-01-04,METER-001,335.1,Office Floor 1
2024-01-04,METER-002,258.8,Office Floor 2
2024-01-04,METER-003,167.4,Server Room
2024-01-05,METER-001,325.3,Office Floor 1
2024-01-05,METER-002,296.0,Office Floor 2
2024-01-05,METER-003,179.3,Server Room
2024-01-06,METER-001,127.2,Office Floor 1
2024-01-06,METER-002,109.3,Office Floor 2
2024-01-06,METER-003,150.7,Server Room
2024-01-07,METER-001,141.0,Office Floor 1
2024-01-07,METER-002,115.7,Office Floor 2
2024-01-07,METER-003,153.8,Server Room
2024-01-08,METER-001,335.0,Office Floor 1
2024-01-08,METER-002,280.8,Office Floor 2
2024-01-08,METER-003,159.7,Server Room
2024-01-09,METER-001,341.5,Office Floor 1
2024-01-09,METER-002,277.7,Office Floor 2
2024-01-09,METER-003,176.7,Server Room
2024-01-10,METER-001,329.3,Office Floor 1
2024-01-10,METER-002,253.9,Office Floor 2
2024-01-10,METER-003,164.4,Server Room
2024-01-11,METER-001,302.6,Office Floor 1
2024-01-11,METER-002,294.9,Office Floor 2
2024-01-11,METER-003,179.4,Server Room
2024-01-12,METER-001,345.1,Office Floor 1
2024-01-12,METER-002,267.5,Office Floor 2
2024-01-12,METER-003,157.2,Server Room
2024-01-13,METER-001,140.2,Office Floor 1
2024-01-13,METER-002,117.1,Office Floor 2
2024-01-13,METER-003,148.3,Server Room
2024-01-14,METER-001,132.0,Office Floor 1
2024-01-14,METER-002,101.7,Office Floor 2
2024-01-14,METER-003,165.5,Server Room
2024-01-15,METER-001,341.7,Office Floor 1
2024-01-15,METER-002,259.6,Office Floor 2
2024-01-15,METER-003,168.5,Server Room
2024-01-16,METER-001,330.4,Office Floor 1
2024-01-16,METER-002,265.6,Office Floor 2
2024-01-16,METER-003,179.2,Server Room
2024-01-17,METER-001,323.7,Office Floor 1
2024-01-17,METER-002,263.3,Office Floor 2
2024-01-17,METER-003,170.2,Server Room
2024-01-18,METER-001,339.8,Office Floor 1
2024-01-18,METER-002,262.8,Office Floor 2
2024-01-18,METER-003,164.0,Server Room
2024-01-19,METER-001,353.7,Office Floor 1
2024-01-19,METER-002,282.6,Office Floor 2
2024-01-19,METER-003,167.4,Server Room
2024-01-20,METER-001,132.6,Office Floor 1
2024-01-20,METER-002,102.6,Office Floor 2
2024-01-20,METER-003,151.9,Server Room
2024-01-21,METER-001,128.8,Office Floor 1
2024-01-21,METER-002,110.8,Office Floor 2
2024-01-21,METER-003,152.0,Server Room
2024-01-22,METER-001,313.1,Office Floor 1
2024-01-22,METER-002,257.1,Office Floor 2
2024-01-22,METER-003,172.7,Server Room
2024-01-23,METER-001,313.5,Office Floor 1
2024-01-23,METER-002,293.9,Office Floor 2
2024-01-23,METER-003,178.9,Server Room
2024-01-24,METER-001,305.2,Office Floor 1
2024-01-24,METER-002,264.4,Office Floor 2
2024-01-24,METER-003,173.7,Server Room
2024-01-25,METER-001,312.8,Office Floor 1
2024-01-25,METER-002,259.8,Office Floor 2
2024-01-25,METER-003,180.9,Server Room
2024-01-26,METER-001,331.5,Office Floor 1
2024-01-26,METER-002,274.8,Office Floor 2
2024-01-26,METER-003,176.8,Server Room
2024-01-27,METER-001,138.8,Office Floor 1
2024-01-27,METER-002,103.8,Office Floor 2
2024-01-27,METER-003,148.6,Server Room
2024-01-28,METER-001,130.8,Office Floor 1
2024-01-28,METER-002,107.9,Office Floor 2
2024-01-28,METER-003,158.0,Server Room
2024-01-29,METER-001,339.8,Office Floor 1
2024-01-29,METER-002,283.7,Office Floor 2
2024-01-29,METER-003,182.2,Server Room
2024-01-30,METER-001,306.7,Office Floor 1
2024-01-30,METER-002,271.7,Office Floor 2
2024-01-30,METER-003,164.8,Server Room
2024-01-31,METER-001,346.7,Office Floor 1
2024-01-31,METER-002,264.9,Office Floor 2
2024-01-31,METER-003,160.7,Server Room
2024-02-01,METER-001,319.4,Office Floor 1
2024-02-01,METER-002,267.8,Office Floor 2
2024-02-01,METER-003,162.6,Server Room
2024-02-02,METER-001,309.1,Office Floor 1
2024-02-02,METER-002,289.5,Office Floor 2
2024-02-02,METER-003,167.0,Server Room
2024-02-03,METER-001,137.5,Office Floor 1
2024-02-03,METER-002,108.2,Office Floor 2
2024-02-03,METER-003,147.0,Server Room
2024-02-04,METER-001,140.3,Office Floor 1
2024-02-04,METER-002,113.1,Office Floor 2
2024-02-04,METER-003,170.2,Server Room
2024-02-05,METER-001,344.0,Office Floor 1
2024-02-05,METER-002,286.3,Office Floor 2
2024-02-05,METER-003,159.6,Server Room
2024-02-06,METER-001,321.3,Office Floor 1
2024-02-06,METER-002,258.8,Office Floor 2
2024-02-06,METER-003,165.9,Server Room
2024-02-07,METER-001,299.3,Office Floor 1
2024-02-07,METER-002,265.9,Office Floor 2
2024-02-07,METER-003,181.7,Server Room
2024-02-08,METER-001,309.9,Office Floor 1
2024-02-08,METER-002,283.5,Office Floor 2
2024-02-08,METER-003,167.4,Server Room
2024-02-09,METER-001,318.1,Office Floor 1
2024-02-09,METER-002,291.0,Office Floor 2
2024-02-09,METER-003,181.9,Server Room
2024-02-10,METER-001,131.1,Office Floor 1
2024-02-10,METER-002,111.1,Office Floor 2
2024-02-10,METER-003,149.6,Server Room
2024-02-11,METER-001,125.7,Office Floor 1
2024-02-11,METER-002,115.4,Office Floor 2
2024-02-11,METER-003,160.4,Server Room
2024-02-12,METER-001,324.2,Office Floor 1
2024-02-12,METER-002,281.9,Office Floor 2
2024-02-12,METER-003,156.6,Server Room
2024-02-13,METER-001,326.4,Office Floor 1
2024-02-13,METER-002,271.3,Office Floor 2
2024-02-13,METER-003,178.1,Server Room
2024-02-14,METER-001,304.4,Office Floor 1
2024-02-14,METER-002,291.2,Office Floor 2
2024-02-14,METER-003,157.2,Server Room
2024-02-15,METER-001,305.8,Office Floor 1
2024-02-15,METER-002,275.3,Office Floor 2
2024-02-15,METER-003,173.3,Server Room
2024-02-16,METER-001,308.4,Office Floor 1
2024-02-16,METER-002,254.7,Office Floor 2
2024-02-16,METER-003,179.1,Server Room
2024-02-17,METER-001,124.7,Office Floor 1
2024-02-17,METER-002,109.0,Office Floor 2
2024-02-17,METER-003,161.4,Server Room
2024-02-18,METER-001,128.3,Office Floor 1
2024-02-18,METER-002,108.8,Office Floor 2
2024-02-18,METER-003,158.9,Server Room
2024-02-19,METER-001,344.4,Office Floor 1
2024-02-19,METER-002,258.3,Office Floor 2
2024-02-19,METER-003,174.4,Server Room
2024-02-20,METER-001,308.6,Office Floor 1
2024-02-20,METER-002,266.7,Office Floor 2
2024-02-20,METER-003,173.2,Server Room
2024-02-21,METER-001,311.7,Office Floor 1
2024-02-21,METER-002,263.2,Office Floor 2
2024-02-21,METER-003,175.4,Server Room
2024-02-22,METER-001,300.0,Office Floor 1
2024-02-22,METER-002,269.4,Office Floor 2
2024-02-22,METER-003,182.0,Server Room
2024-02-23,METER-001,347.6,Office Floor 1
2024-02-23,METER-002,252.7,Office Floor 2
2024-02-23,METER-003,160.8,Server Room
2024-02-24,METER-001,125.1,Office Floor 1
2024-02-24,METER-002,114.8,Office Floor 2
2024-02-24,METER-003,168.0,Server Room
2024-02-25,METER-001,137.8,Office Floor 1
2024-02-25,METER-002,105.1,Office Floor 2
2024-02-25,METER-003,149.7,Server Room
2024-02-26,METER-001,339.2,Office Floor 1
2024-02-26,METER-002,280.0,Office Floor 2
2024-02-26,METER-003,171.6,Server Room
2024-02-27,METER-001,347.1,Office Floor 1
2024-02-27,METER-002,277.9,Office Floor 2
2024-02-27,METER-003,155.3,Server Room
2024-02-28,METER-001,338.4,Office Floor 1
2024-02-28,METER-002,262.5,Office Floor 2
2024-02-28,METER-003,173.0,Server Room
2024-02-29,METER-001,344.6,Office Floor 1
2024-02-29,METER-002,255.3,Office Floor 2
2024-02-29,METER-003,158.2,Server Room
2024-03-01,METER-001,287.1,Office Floor 1
2024-03-01,METER-002,260.2,Office Floor 2
2024-03-01,METER-003,161.0,Server Room
2024-03-02,METER-001,125.7,Office Floor 1
2024-03-02,METER-002,105.7,Office Floor 2
2024-03-02,METER-003,149.5,Server Room
2024-03-03,METER-001,126.3,Office Floor 1
2024-03-03,METER-002,98.3,Office Floor 2
2024-03-03,METER-003,156.6,Server Room
2024-03-04,METER-001,326.2,Office Floor 1
2024-03-04,METER-002,272.3,Office Floor 2
2024-03-04,METER-003,156.2,Server Room
2024-03-05,METER-001,302.6,Office Floor 1
2024-03-05,METER-002,248.8,Office Floor 2
2024-03-05,METER-003,153.8,Server Room
2024-03-06,METER-001,319.7,Office Floor 1
2024-03-06,METER-002,263.7,Office Floor 2
2024-03-06,METER-003,160.7,Server Room
2024-03-07,METER-001,318.2,Office Floor 1
2024-03-07,METER-002,260.1,Office Floor 2
2024-03-07,METER-003,165.1,Server Room
2024-03-08,METER-001,282.3,Office Floor 1
2024-03-08,METER-002,240.5,Office Floor 2
2024-03-08,METER-003,177.3,Server Room
2024-03-09,METER-001,131.6,Office Floor 1
2024-03-09,METER-002,102.9,Office Floor 2
2024-03-09,METER-003,165.3,Server Room
2024-03-10,METER-001,125.3,Office Floor 1
2024-03-10,METER-002,96.4,Office Floor 2
2024-03-10,METER-003,147.6,Server Room
2024-03-11,METER-001,297.0,Office Floor 1
2024-03-11,METER-002,274.5,Office Floor 2
2024-03-11,METER-003,175.0,Server Room
2024-03-12,METER-001,324.1,Office Floor 1
2024-03-12,METER-002,274.5,Office Floor 2
2024-03-12,METER-003,159.3,Server Room
2024-03-13,METER-001,294.1,Office Floor 1
2024-03-13,METER-002,241.6,Office Floor 2
2024-03-13,METER-003,174.6,Server Room
2024-03-14,METER-001,325.2,Office Floor 1
2024-03-14,METER-002,254.1,Office Floor 2
2024-03-14,METER-003,170.3,Server Room
2024-03-15,METER-001,289.4,Office Floor 1
2024-03-15,METER-002,275.7,Office Floor 2
2024-03-15,METER-003,176.8,Server Room
2024-03-16,METER-001,133.0,Office Floor 1
2024-03-16,METER-002,107.2,Office Floor 2
2024-03-16,METER-003,166.5,Server Room
2024-03-17,METER-001,114.2,Office Floor 1
2024-03-17,METER-002,106.0,Office Floor 2
2024-03-17,METER-003,152.7,Server Room
2024-03-18,METER-001,327.5,Office Floor 1
2024-03-18,METER-002,270.5,Office Floor 2
2024-03-18,METER-003,176.8,Server Room
2024-03-19,METER-001,321.6,Office Floor 1
2024-03-19,METER-002,248.4,Office Floor 2
2024-03-19,METER-003,174.7,Server Room
2024-03-20,METER-001,287.2,Office Floor 1
2024-03-20,METER-002,273.4,Office Floor 2
2024-03-20,METER-003,176.6,Server Room
2024-03-21,METER-001,292.8,Office Floor 1
2024-03-21,METER-002,271.1,Office Floor 2
2024-03-21,METER-003,166.0,Server Room
2024-03-22,METER-001,296.8,Office Floor 1
2024-03-22,METER-002,270.2,Office Floor 2
2024-03-22,METER-003,159.8,Server Room
2024-03-23,METER-001,114.2,Office Floor 1
2024-03-23,METER-002,97.1,Office Floor 2
2024-03-23,METER-003,152.6,Server Room
2024-03-24,METER-001,130.8,Office Floor 1
2024-03-24,METER-002,109.8,Office Floor 2
2024-03-24,METER-003,151.4,Server Room
2024-03-25,METER-001,313.3,Office Floor 1
2024-03-25,METER-002,253.9,Office Floor 2
2024-03-25,METER-003,179.9,Server Room
2024-03-26,METER-001,308.2,Office Floor 1
2024-03-26,METER-002,276.1,Office Floor 2
2024-03-26,METER-003,156.8,Server Room
2024-03-27,METER-001,329.4,Office Floor 1
2024-03-27,METER-002,244.7,Office Floor 2
2024-03-27,METER-003,179.4,Server Room
2024-03-28,METER-001,294.9,Office Floor 1
2024-03-28,METER-002,241.8,Office Floor 2
2024-03-28,METER-003,165.3,Server Room
2024-03-29,METER-001,317.6,Office Floor 1
2024-03-29,METER-002,250.3,Office Floor 2
2024-03-29,METER-003,169.9,Server Room
2024-03-30,METER-001,123.9,Office Floor 1
2024-03-30,METER-002,100.2,Office Floor 2
2024-03-30,METER-003,158.9,Server Room
2024-03-31,METER-001,118.8,Office Floor 1
2024-03-31,METER-002,105.5,Office Floor 2
2024-03-31,METER-003,144.4,Server Room
2024-04-01,METER-001,304.4,Office Floor 1
2024-04-01,METER-002,241.5,Office Floor 2
2024-04-01,METER-003,170.8,Server Room
2024-04-02,METER-001,296.0,Office Floor 1
2024-04-02,METER-002,246.6,Office Floor 2
2024-04-02,METER-003,161.4,Server Room
2024-04-03,METER-001,265.4,Office Floor 1
2024-04-03,METER-002,246.3,Office Floor 2
2024-04-03,METER-003,160.5,Server Room
2024-04-04,METER-001,276.5,Office Floor 1
2024-04-04,METER-002,253.4,Office Floor 2
2024-04-04,METER-003,170.8,Server Room
2024-04-05,METER-001,275.9,Office Floor 1
2024-04-05,METER-002,232.7,Office Floor 2
2024-04-05,METER-003,162.6,Server Room
2024-04-06,METER-001,113.2,Office Floor 1
2024-04-06,METER-002,91.9,Office Floor 2
2024-04-06,METER-003,145.8,Server Room
2024-04-07,METER-001,113.5,Office Floor 1
2024-04-07,METER-002,101.7,Office Floor 2
2024-04-07,METER-003,159.4,Server Room
2024-04-08,METER-001,303.4,Office Floor 1
2024-04-08,METER-002,244.4,Office Floor 2
2024-04-08,METER-003,159.7,Server Room
2024-04-09,METER-001,287.2,Office Floor 1
2024-04-09,METER-002,220.8,Office Floor 2
2024-04-09,METER-003,159.4,Server Room
2024-04-10,METER-001,281.8,Office Floor 1
2024-04-10,METER-002,243.1,Office Floor 2
2024-04-10,METER-003,169.1,Server Room
2024-04-11,METER-001,283.4,Office Floor 1
2024-04-11,METER-002,237.8,Office Floor 2
2024-04-11,METER-003,157.4,Server Room
2024-04-12,METER-001,283.8,Office Floor 1
2024-04-12,METER-002,255.4,Office Floor 2
2024-04-12,METER-003,172.8,Server Room
2024-04-13,METER-001,108.9,Office Floor 1
2024-04-13,METER-002,88.7,Office Floor 2
2024-04-13,METER-003,155.4,Server Room
2024-04-14,METER-001,117.4,Office Floor 1
2024-04-14,METER-002,92.5,Office Floor 2
2024-04-14,METER-003,162.9,Server Room
2024-04-15,METER-001,296.5,Office Floor 1
2024-04-15,METER-002,246.6,Office Floor 2
2024-04-15,METER-003,157.7,Server Room
2024-04-16,METER-001,271.3,Office Floor 1
2024-04-16,METER-002,221.7,Office Floor 2
2024-04-16,METER-003,158.3,Server Room
2024-04-17,METER-001,283.9,Office Floor 1
2024-04-17,METER-002,253.4,Office Floor 2
2024-04-17,METER-003,153.7,Server Room
2024-04-18,METER-001,281.1,Office Floor 1
2024-04-18,METER-002,245.0,Office Floor 2
2024-04-18,METER-003,156.9,Server Room
2024-04-19,METER-001,294.0,Office Floor 1
2024-04-19,METER-002,239.8,Office Floor 2
2024-04-19,METER-003,158.2,Server Room
2024-04-20,METER-001,117.9,Office Floor 1
2024-04-20,METER-002,87.5,Office Floor 2
2024-04-20,METER-003,161.2,Server Room
2024-04-21,METER-001,120.0,Office Floor 1
2024-04-21,METER-002,89.0,Office Floor 2
2024-04-21,METER-003,153.1,Server Room
2024-04-22,METER-001,270.2,Office Floor 1
2024-04-22,METER-002,257.6,Office Floor 2
2024-04-22,METER-003,165.5,Server Room
2024-04-23,METER-001,264.5,Office Floor 1
2024-04-23,METER-002,230.4,Office Floor 2
2024-04-23,METER-003,174.2,Server Room
2024-04-24,METER-001,283.0,Office Floor 1
2024-04-24,METER-002,251.6,Office Floor 2
2024-04-24,METER-003,169.4,Server Room
2024-04-25,METER-001,307.2,Office Floor 1
2024-04-25,METER-002,243.7,Office Floor 2
2024-04-25,METER-003,176.9,Server Room
2024-04-26,METER-001,302.8,Office Floor 1
2024-04-26,METER-002,244.3,Office Floor 2
2024-04-26,METER-003,170.8,Server Room
2024-04-27,METER-001,115.1,Office Floor 1
2024-04-27,METER-002,100.0,Office Floor 2
2024-04-27,METER-003,156.2,Server Room
2024-04-28,METER-001,122.3,Office Floor 1
2024-04-28,METER-002,98.7,Office Floor 2
2024-04-28,METER-003,154.4,Server Room
2024-04-29,METER-001,274.0,Office Floor 1
2024-04-29,METER-002,230.3,Office Floor 2
2024-04-29,METER-003,168.6,Server Room
2024-04-30,METER-001,297.1,Office Floor 1
2024-04-30,METER-002,240.8,Office Floor 2
2024-04-30,METER-003,168.3,Server Room
2024-05-01,METER-001,254.1,Office Floor 1
2024-05-01,METER-002,207.0,Office Floor 2
2024-05-01,METER-003,157.4,Server Room
2024-05-02,METER-001,254.0,Office Floor 1
2024-05-02,METER-002,215.6,Office Floor 2
2024-05-02,METER-003,164.0,Server Room
2024-05-03,METER-001,248.4,Office Floor 1
2024-05-03,METER-002,212.5,Office Floor 2
2024-05-03,METER-003,168.0,Server Room
2024-05-04,METER-001,109.9,Office Floor 1
2024-05-04,METER-002,81.7,Office Floor 2
2024-05-04,METER-003,150.8,Server Room
2024-05-05,METER-001,107.1,Office Floor 1
2024-05-05,METER-002,86.7,Office Floor 2
2024-05-05,METER-003,145.9,Server Room
2024-05-06,METER-001,260.3,Office Floor 1
2024-05-06,METER-002,236.4,Office Floor 2
2024-05-06,METER-003,165.1,Server Room
2024-05-07,METER-001,271.9,Office Floor 1
2024-05-07,METER-002,234.7,Office Floor 2
2024-05-07,METER-003,169.9,Server Room
2024-05-08,METER-001,258.6,Office Floor 1
2024-05-08,METER-002,204.4,Office Floor 2
2024-05-08,METER-003,159.1,Server Room
2024-05-09,METER-001,274.3,Office Floor 1
2024-05-09,METER-002,234.6,Office Floor 2
2024-05-09,METER-003,174.8,Server Room
2024-05-10,METER-001,260.2,Office Floor 1
2024-05-10,METER-002,230.8,Office Floor 2
2024-05-10,METER-003,164.1,Server Room
2024-05-11,METER-001,108.1,Office Floor 1
2024-05-11,METER-002,83.9,Office Floor 2
2024-05-11,METER-003,146.2,Server Room
2024-05-12,METER-001,105.3,Office Floor 1
2024-05-12,METER-002,81.3,Office Floor 2
2024-05-12,METER-003,149.0,Server Room
2024-05-13,METER-001,271.2,Office Floor 1
2024-05-13,METER-002,218.6,Office Floor 2
2024-05-13,METER-003,154.2,Server Room
2024-05-14,METER-001,262.2,Office Floor 1
2024-05-14,METER-002,208.8,Office Floor 2
2024-05-14,METER-003,166.1,Server Room
2024-05-15,METER-001,243.7,Office Floor 1
2024-05-15,METER-002,218.2,Office Floor 2
2024-05-15,METER-003,164.6,Server Room
2024-05-16,METER-001,243.7,Office Floor 1
2024-05-16,METER-002,227.1,Office Floor 2
2024-05-16,METER-003,153.4,Server Room
2024-05-17,METER-001,262.0,Office Floor 1
2024-05-17,METER-002,206.0,Office Floor 2
2024-05-17,METER-003,159.8,Server Room
2024-05-18,METER-001,101.5,Office Floor 1
2024-05-18,METER-002,85.4,Office Floor 2
2024-05-18,METER-003,159.5,Server Room
2024-05-19,METER-001,104.3,Office Floor 1
2024-05-19,METER-002,91.4,Office Floor 2
2024-05-19,METER-003,161.2,Server Room
2024-05-20,METER-001,253.2,Office Floor 1
2024-05-20,METER-002,207.1,Office Floor 2
2024-05-20,METER-003,150.4,Server Room
2024-05-21,METER-001,265.3,Office Floor 1
2024-05-21,METER-002,239.8,Office Floor 2
2024-05-21,METER-003,159.0,Server Room
2024-05-22,METER-001,270.0,Office Floor 1
2024-05-22,METER-002,232.0,Office Floor 2
2024-05-22,METER-003,166.9,Server Room
2024-05-23,METER-001,274.3,Office Floor 1
2024-05-23,METER-002,238.0,Office Floor 2
2024-05-23,METER-003,155.1,Server Room
2024-05-24,METER-001,243.4,Office Floor 1
2024-05-24,METER-002,209.7,Office Floor 2
2024-05-24,METER-003,153.2,Server Room
2024-05-25,METER-001,109.3,Office Floor 1
2024-05-25,METER-002,88.8,Office Floor 2
2024-05-25,METER-003,146.2,Server Room
2024-05-26,METER-001,109.8,Office Floor 1
2024-05-26,METER-002,91.6,Office Floor 2
2024-05-26,METER-003,144.9,Server Room
2024-05-27,METER-001,268.1,Office Floor 1
2024-05-27,METER-002,230.8,Office Floor 2
2024-05-27,METER-003,152.9,Server Room
2024-05-28,METER-001,277.1,Office Floor 1
2024-05-28,METER-002,238.5,Office Floor 2
2024-05-28,METER-003,152.7,Server Room
2024-05-29,METER-001,243.6,Office Floor 1
2024-05-29,METER-002,215.3,Office Floor 2
2024-05-29,METER-003,167.6,Server Room
2024-05-30,METER-001,283.0,Office Floor 1
2024-05-30,METER-002,218.3,Office Floor 2
2024-05-30,METER-003,168.5,Server Room
2024-05-31,METER-001,245.7,Office Floor 1
2024-05-31,METER-002,228.8,Office Floor 2
2024-05-31,METER-003,166.3,Server Room
2024-06-01,METER-001,93.7,Office Floor 1
2024-06-01,METER-002,86.3,Office Floor 2
2024-06-01,METER-003,160.1,Server Room
2024-06-02,METER-001,101.7,Office Floor 1
2024-06-02,METER-002,77.6,Office Floor 2
2024-06-02,METER-003,163.4,Server Room
2024-06-03,METER-001,259.2,Office Floor 1
2024-06-03,METER-002,203.7,Office Floor 2
2024-06-03,METER-003,159.6,Server Room
2024-06-04,METER-001,242.8,Office Floor 1
2024-06-04,METER-002,209.0,Office Floor 2
2024-06-04,METER-003,157.3,Server Room
2024-06-05,METER-001,261.8,Office Floor 1
2024-06-05,METER-002,219.6,Office Floor 2
2024-06-05,METER-003,151.2,Server Room
2024-06-06,METER-001,266.3,Office Floor 1
2024-06-06,METER-002,213.4,Office Floor 2
2024-06-06,METER-003,169.9,Server Room
2024-06-07,METER-001,256.2,Office Floor 1
2024-06-07,METER-002,206.7,Office Floor 2
2024-06-07,METER-003,167.5,Server Room
2024-06-08,METER-001,107.5,Office Floor 1
2024-06-08,METER-002,79.6,Office Floor 2
2024-06-08,METER-003,159.1,Server Room
2024-06-09,METER-001,100.7,Office Floor 1
2024-06-09,METER-002,82.4,Office Floor 2
2024-06-09,METER-003,150.1,Server Room
2024-06-10,METER-001,257.1,Office Floor 1
2024-06-10,METER-002,201.1,Office Floor 2
2024-06-10,METER-003,170.5,Server Room
2024-06-11,METER-001,261.1,Office Floor 1
2024-06-11,METER-002,195.0,Office Floor 2
2024-06-11,METER-003,171.3,Server Room
2024-06-12,METER-001,237.8,Office Floor 1
2024-06-12,METER-002,207.6,Office Floor 2
2024-06-12,METER-003,164.3,Server Room
2024-06-13,METER-001,243.2,Office Floor 1
2024-06-13,METER-002,193.1,Office Floor 2
2024-06-13,METER-003,170.5,Server Room
2024-06-14,METER-001,235.4,Office Floor 1
2024-06-14,METER-002,199.2,Office Floor 2
2024-06-14,METER-003,169.1,Server Room
2024-06-15,METER-001,97.5,Office Floor 1
2024-06-15,METER-002,87.7,Office Floor 2
2024-06-15,METER-003,156.5,Server Room
2024-06-16,METER-001,96.5,Office Floor 1
2024-06-16,METER-002,76.2,Office Floor 2
2024-06-16,METER-003,162.5,Server Room
2024-06-17,METER-001,231.5,Office Floor 1
2024-06-17,METER-002,216.2,Office Floor 2
2024-06-17,METER-003,161.1,Server Room
2024-06-18,METER-001,258.2,Office Floor 1
2024-06-18,METER-002,215.2,Office Floor 2
2024-06-18,METER-003,165.2,Server Room
2024-06-19,METER-001,247.6,Office Floor 1
2024-06-19,METER-002,218.6,Office Floor 2
2024-06-19,METER-003,150.9,Server Room
2024-06-20,METER-001,236.9,Office Floor 1
2024-06-20,METER-002,215.2,Office Floor 2
2024-06-20,METER-003,156.4,Server Room
2024-06-21,METER-001,251.2,Office Floor 1
2024-06-21,METER-002,207.9,Office Floor 2
2024-06-21,METER-003,162.2,Server Room
2024-06-22,METER-001,98.9,Office Floor 1
2024-06-22,METER-002,85.9,Office Floor 2
2024-06-22,METER-003,147.5,Server Room
2024-06-23,METER-001,103.3,Office Floor 1
2024-06-23,METER-002,79.6,Office Floor 2
2024-06-23,METER-003,145.6,Server Room
2024-06-24,METER-001,232.9,Office Floor 1
2024-06-24,METER-002,198.6,Office Floor 2
2024-06-24,METER-003,151.6,Server Room
2024-06-25,METER-001,249.4,Office Floor 1
2024-06-25,METER-002,217.6,Office Floor 2
2024-06-25,METER-003,153.3,Server Room
2024-06-26,METER-001,236.7,Office Floor 1
2024-06-26,METER-002,208.3,Office Floor 2
2024-06-26,METER-003,167.2,Server Room
2024-06-27,METER-001,266.9,Office Floor 1
2024-06-27,METER-002,209.6,Office Floor 2
2024-06-27,METER-003,155.8,Server Room
2024-06-28,METER-001,232.1,Office Floor 1
2024-06-28,METER-002,198.6,Office Floor 2
2024-06-28,METER-003,154.4,Server Room
2024-06-29,METER-001,94.9,Office Floor 1
2024-06-29,METER-002,76.2,Office Floor 2
2024-06-29,METER-003,152.5,Server Room
2024-06-30,METER-001,96.4,Office Floor 1
2024-06-30,METER-002,88.9,Office Floor 2
2024-06-30,METER-003,152.9,Server Room
2024-07-01,METER-001,249.9,Office Floor 1
2024-07-01,METER-002,191.8,Office Floor 2
2024-07-01,METER-003,170.4,Server Room
2024-07-02,METER-001,241.9,Office Floor 1
2024-07-02,METER-002,216.2,Office Floor 2
2024-07-02,METER-003,162.8,Server Room
2024-07-03,METER-001,241.1,Office Floor 1
2024-07-03,METER-002,202.1,Office Floor 2
2024-07-03,METER-003,152.8,Server Room
2024-07-04,METER-001,224.9,Office Floor 1
2024-07-04,METER-002,218.4,Office Floor 2
2024-07-04,METER-003,160.3,Server Room
2024-07-05,METER-001,254.7,Office Floor 1
2024-07-05,METER-002,200.8,Office Floor 2
2024-07-05,METER-003,149.9,Server Room
2024-07-06,METER-001,99.8,Office Floor 1
2024-07-06,METER-002,75.0,Office Floor 2
2024-07-06,METER-003,142.6,Server Room
2024-07-07,METER-001,98.7,Office Floor 1
2024-07-07,METER-002,78.2,Office Floor 2
2024-07-07,METER-003,163.1,Server Room
2024-07-08,METER-001,227.5,Office Floor 1
2024-07-08,METER-002,212.6,Office Floor 2
2024-07-08,METER-003,163.6,Server Room
2024-07-09,METER-001,253.5,Office Floor 1
2024-07-09,METER-002,195.0,Office Floor 2
2024-07-09,METER-003,161.5,Server Room
2024-07-10,METER-001,240.3,Office Floor 1
2024-07-10,METER-002,202.1,Office Floor 2
2024-07-10,METER-003,170.1,Server Room
2024-07-11,METER-001,261.2,Office Floor 1
2024-07-11,METER-002,197.6,Office Floor 2
2024-07-11,METER-003,164.0,Server Room
2024-07-12,METER-001,246.5,Office Floor 1
2024-07-12,METER-002,211.8,Office Floor 2
2024-07-12,METER-003,172.4,Server Room
2024-07-13,METER-001,93.2,Office Floor 1
2024-07-13,METER-002,77.0,Office Floor 2
2024-07-13,METER-003,155.0,Server Room
2024-07-14,METER-001,92.4,Office Floor 1
2024-07-14,METER-002,76.5,Office Floor 2
2024-07-14,METER-003,140.9,Server Room
2024-07-15,METER-001,223.0,Office Floor 1
2024-07-15,METER-002,202.4,Office Floor 2
2024-07-15,METER-003,163.3,Server Room
2024-07-16,METER-001,234.2,Office Floor 1
2024-07-16,METER-002,195.2,Office Floor 2
2024-07-16,METER-003,166.2,Server Room
2024-07-17,METER-001,250.1,Office Floor 1
2024-07-17,METER-002,202.5,Office Floor 2
2024-07-17,METER-003,165.7,Server Room
2024-07-18,METER-001,258.7,Office Floor 1
2024-07-18,METER-002,213.4,Office Floor 2
2024-07-18,METER-003,164.1,Server Room
2024-07-19,METER-001,248.5,Office Floor 1
2024-07-19,METER-002,218.2,Office Floor 2
2024-07-19,METER-003,158.9,Server Room
2024-07-20,METER-001,98.4,Office Floor 1
2024-07-20,METER-002,82.7,Office Floor 2
2024-07-20,METER-003,161.0,Server Room
2024-07-21,METER-001,102.9,Office Floor 1
2024-07-21,METER-002,75.2,Office Floor 2
2024-07-21,METER-003,143.0,Server Room
2024-07-22,METER-001,234.8,Office Floor 1
2024-07-22,METER-002,212.1,Office Floor 2
2024-07-22,METER-003,162.7,Server Room
2024-07-23,METER-001,234.1,Office Floor 1
2024-07-23,METER-002,191.7,Office Floor 2
2024-07-23,METER-003,165.7,Server Room
2024-07-24,METER-001,250.0,Office Floor 1
2024-07-24,METER-002,218.4,Office Floor 2
2024-07-24,METER-003,160.9,Server Room
2024-07-25,METER-001,242.0,Office Floor 1
2024-07-25,METER-002,190.3,Office Floor 2
2024-07-25,METER-003,149.0,Server Room
2024-07-26,METER-001,239.6,Office Floor 1
2024-07-26,METER-002,198.2,Office Floor 2
2024-07-26,METER-003,154.4,Server Room
2024-07-27,METER-001,91.4,Office Floor 1
2024-07-27,METER-002,86.7,Office Floor 2
2024-07-27,METER-003,159.2,Server Room
2024-07-28,METER-001,98.9,Office Floor 1
2024-07-28,METER-002,86.6,Office Floor 2
2024-07-28,METER-003,163.2,Server Room
2024-07-29,METER-001,248.9,Office Floor 1
2024-07-29,METER-002,196.5,Office Floor 2
2024-07-29,METER-003,149.0,Server Room
2024-07-30,METER-001,252.2,Office Floor 1
2024-07-30,METER-002,203.0,Office Floor 2
2024-07-30,METER-003,164.8,Server Room
2024-07-31,METER-001,258.4,Office Floor 1
2024-07-31,METER-002,193.6,Office Floor 2
2024-07-31,METER-003,163.1,Server Room
2024-08-01,METER-001,253.3,Office Floor 1
2024-08-01,METER-002,208.5,Office Floor 2
2024-08-01,METER-003,150.9,Server Room
2024-08-02,METER-001,241.9,Office Floor 1
2024-08-02,METER-002,203.3,Office Floor 2
2024-08-02,METER-003,165.8,Server Room
2024-08-03,METER-001,105.8,Office Floor 1
2024-08-03,METER-002,80.4,Office Floor 2
2024-08-03,METER-003,156.3,Server Room
2024-08-04,METER-001,96.7,Office Floor 1
2024-08-04,METER-002,88.5,Office Floor 2
2024-08-04,METER-003,159.3,Server Room
2024-08-05,METER-001,250.0,Office Floor 1
2024-08-05,METER-002,207.3,Office Floor 2
2024-08-05,METER-003,156.6,Server Room
2024-08-06,METER-001,241.0,Office Floor 1
2024-08-06,METER-002,224.5,Office Floor 2
2024-08-06,METER-003,159.0,Server Room
2024-08-07,METER-001,248.6,Office Floor 1
2024-08-07,METER-002,225.1,Office Floor 2
2024-08-07,METER-003,165.5,Server Room
2024-08-08,METER-001,249.7,Office Floor 1
2024-08-08,METER-002,205.9,Office Floor 2
2024-08-08,METER-003,153.4,Server Room
2024-08-09,METER-001,242.5,Office Floor 1
2024-08-09,METER-002,217.4,Office Floor 2
2024-08-09,METER-003,164.7,Server Room
2024-08-10,METER-001,104.2,Office Floor 1
2024-08-10,METER-002,78.7,Office Floor 2
2024-08-10,METER-003,152.8,Server Room
2024-08-11,METER-001,106.9,Office Floor 1
2024-08-11,METER-002,81.8,Office Floor 2
2024-08-11,METER-003,156.5,Server Room
2024-08-12,METER-001,233.0,Office Floor 1
2024-08-12,METER-002,224.6,Office Floor 2
2024-08-12,METER-003,164.2,Server Room
2024-08-13,METER-001,237.6,Office Floor 1
2024-08-13,METER-002,197.4,Office Floor 2
2024-08-13,METER-003,162.7,Server Room
2024-08-14,METER-001,250.1,Office Floor 1
2024-08-14,METER-002,195.2,Office Floor 2
2024-08-14,METER-003,174.1,Server Room
2024-08-15,METER-001,264.4,Office Floor 1
2024-08-15,METER-002,207.5,Office Floor 2
2024-08-15,METER-003,151.5,Server Room
2024-08-16,METER-001,261.2,Office Floor 1
2024-08-16,METER-002,208.8,Office Floor 2
2024-08-16,METER-003,167.0,Server Room
2024-08-17,METER-001,100.2,Office Floor 1
2024-08-17,METER-002,79.7,Office Floor 2
2024-08-17,METER-003,159.8,Server Room
2024-08-18,METER-001,107.7,Office Floor 1
2024-08-18,METER-002,79.3,Office Floor 2
2024-08-18,METER-003,152.9,Server Room
2024-08-19,METER-001,243.4,Office Floor 1
2024-08-19,METER-002,222.9,Office Floor 2
2024-08-19,METER-003,161.6,Server Room
2024-08-20,METER-001,263.0,Office Floor 1
2024-08-20,METER-002,221.0,Office Floor 2
2024-08-20,METER-003,155.6,Server Room
2024-08-21,METER-001,259.5,Office Floor 1
2024-08-21,METER-002,206.0,Office Floor 2
2024-08-21,METER-003,172.6,Server Room
2024-08-22,METER-001,248.3,Office Floor 1
2024-08-22,METER-002,219.5,Office Floor 2
2024-08-22,METER-003,155.8,Server Room
2024-08-23,METER-001,240.0,Office Floor 1
2024-08-23,METER-002,211.7,Office Floor 2
2024-08-23,METER-003,174.3,Server Room
2024-08-24,METER-001,99.9,Office Floor 1
2024-08-24,METER-002,78.0,Office Floor 2
2024-08-24,METER-003,152.6,Server Room
2024-08-25,METER-001,97.6,Office Floor 1
2024-08-25,METER-002,83.3,Office Floor 2
2024-08-25,METER-003,152.7,Server Room
2024-08-26,METER-001,246.2,Office Floor 1
2024-08-26,METER-002,202.9,Office Floor 2
2024-08-26,METER-003,153.4,Server Room
2024-08-27,METER-001,255.8,Office Floor 1
2024-08-27,METER-002,211.2,Office Floor 2
2024-08-27,METER-003,154.5,Server Room
2024-08-28,METER-001,258.9,Office Floor 1
2024-08-28,METER-002,193.6,Office Floor 2
2024-08-28,METER-003,167.7,Server Room
2024-08-29,METER-001,256.1,Office Floor 1
2024-08-29,METER-002,219.2,Office Floor 2
2024-08-29,METER-003,158.5,Server Room
2024-08-30,METER-001,254.5,Office Floor 1
2024-08-30,METER-002,219.5,Office Floor 2
2024-08-30,METER-003,173.8,Server Room
2024-08-31,METER-001,100.0,Office Floor 1
2024-08-31,METER-002,76.5,Office Floor 2
2024-08-31,METER-003,151.7,Server Room
2024-09-01,METER-001,107.9,Office Floor 1
2024-09-01,METER-002,93.1,Office Floor 2
2024-09-01,METER-003,162.2,Server Room
2024-09-02,METER-001,261.1,Office Floor 1
2024-09-02,METER-002,222.9,Office Floor 2
2024-09-02,METER-003,161.8,Server Room
2024-09-03,METER-001,273.0,Office Floor 1
2024-09-03,METER-002,218.8,Office Floor 2
2024-09-03,METER-003,167.0,Server Room
2024-09-04,METER-001,249.0,Office Floor 1
2024-09-04,METER-002,220.9,Office Floor 2
2024-09-04,METER-003,175.2,Server Room
2024-09-05,METER-001,256.8,Office Floor 1
2024-09-05,METER-002,228.8,Office Floor 2
2024-09-05,METER-003,166.8,Server Room
2024-09-06,METER-001,278.5,Office Floor 1
2024-09-06,METER-002,234.5,Office Floor 2
2024-09-06,METER-003,172.3,Server Room
2024-09-07,METER-001,104.3,Office Floor 1
2024-09-07,METER-002,85.3,Office Floor 2
2024-09-07,METER-003,158.4,Server Room
2024-09-08,METER-001,110.8,Office Floor 1
2024-09-08,METER-002,93.1,Office Floor 2
2024-09-08,METER-003,141.7,Server Room
2024-09-09,METER-001,245.4,Office Floor 1
2024-09-09,METER-002,226.7,Office Floor 2
2024-09-09,METER-003,173.9,Server Room
2024-09-10,METER-001,284.6,Office Floor 1
2024-09-10,METER-002,230.8,Office Floor 2
2024-09-10,METER-003,161.2,Server Room
2024-09-11,METER-001,246.7,Office Floor 1
2024-09-11,METER-002,226.8,Office Floor 2
2024-09-11,METER-003,172.7,Server Room
2024-09-12,METER-001,261.2,Office Floor 1
2024-09-12,METER-002,228.9,Office Floor 2
2024-09-12,METER-003,173.5,Server Room
2024-09-13,METER-001,244.5,Office Floor 1
2024-09-13,METER-002,232.5,Office Floor 2
2024-09-13,METER-003,157.6,Server Room
2024-09-14,METER-001,104.2,Office Floor 1
2024-09-14,METER-002,82.9,Office Floor 2
2024-09-14,METER-003,153.8,Server Room
2024-09-15,METER-001,107.5,Office Floor 1
2024-09-15,METER-002,92.0,Office Floor 2
2024-09-15,METER-003,145.0,Server Room
2024-09-16,METER-001,245.9,Office Floor 1
2024-09-16,METER-002,235.2,Office Floor 2
2024-09-16,METER-003,166.1,Server Room
2024-09-17,METER-001,252.7,Office Floor 1
2024-09-17,METER-002,236.7,Office Floor 2
2024-09-17,METER-003,153.6,Server Room
2024-09-18,METER-001,262.0,Office Floor 1
2024-09-18,METER-002,213.3,Office Floor 2
2024-09-18,METER-003,156.6,Server Room
2024-09-19,METER-001,242.9,Office Floor 1
2024-09-19,METER-002,232.8,Office Floor 2
2024-09-19,METER-003,173.4,Server Room
2024-09-20,METER-001,271.1,Office Floor 1
2024-09-20,METER-002,209.9,Office Floor 2
2024-09-20,METER-003,161.4,Server Room
2024-09-21,METER-001,103.7,Office Floor 1
2024-09-21,METER-002,89.1,Office Floor 2
2024-09-21,METER-003,156.5,Server Room
2024-09-22,METER-001,105.1,Office Floor 1
2024-09-22,METER-002,84.4,Office Floor 2
2024-09-22,METER-003,161.5,Server Room
2024-09-23,METER-001,250.9,Office Floor 1
2024-09-23,METER-002,217.9,Office Floor 2
2024-09-23,METER-003,162.5,Server Room
2024-09-24,METER-001,252.5,Office Floor 1
2024-09-24,METER-002,224.6,Office Floor 2
2024-09-24,METER-003,164.9,Server Room
2024-09-25,METER-001,284.4,Office Floor 1
2024-09-25,METER-002,214.7,Office Floor 2
2024-09-25,METER-003,175.4,Server Room
2024-09-26,METER-001,270.3,Office Floor 1
2024-09-26,METER-002,214.0,Office Floor 2
2024-09-26,METER-003,164.7,Server Room
2024-09-27,METER-001,271.5,Office Floor 1
2024-09-27,METER-002,230.7,Office Floor 2
2024-09-27,METER-003,151.2,Server Room
2024-09-28,METER-001,108.2,Office Floor 1
2024-09-28,METER-002,87.8,Office Floor 2
2024-09-28,METER-003,163.0,Server Room
2024-09-29,METER-001,102.7,Office Floor 1
2024-09-29,METER-002,92.1,Office Floor 2
2024-09-29,METER-003,155.7,Server Room
2024-09-30,METER-001,257.4,Office Floor 1
2024-09-30,METER-002,226.9,Office Floor 2
2024-09-30,METER-003,166.1,Server Room
2024-10-01,METER-001,293.1,Office Floor 1
2024-10-01,METER-002,248.5,Office Floor 2
2024-10-01,METER-003,169.2,Server Room
2024-10-02,METER-001,300.4,Office Floor 1
2024-10-02,METER-002,244.9,Office Floor 2
2024-10-02,METER-003,175.6,Server Room
2024-10-03,METER-001,291.7,Office Floor 1
2024-10-03,METER-002,232.7,Office Floor 2
2024-10-03,METER-003,163.4,Server Room
2024-10-04,METER-001,288.6,Office Floor 1
2024-10-04,METER-002,248.9,Office Floor 2
2024-10-04,METER-003,154.2,Server Room
2024-10-05,METER-001,111.2,Office Floor 1
2024-10-05,METER-002,98.8,Office Floor 2
2024-10-05,METER-003,147.0,Server Room
2024-10-06,METER-001,108.2,Office Floor 1
2024-10-06,METER-002,95.6,Office Floor 2
2024-10-06,METER-003,166.7,Server Room
2024-10-07,METER-001,286.4,Office Floor 1
2024-10-07,METER-002,255.9,Office Floor 2
2024-10-07,METER-003,173.7,Server Room
2024-10-08,METER-001,273.9,Office Floor 1
2024-10-08,METER-002,252.5,Office Floor 2
2024-10-08,METER-003,164.5,Server Room
2024-10-09,METER-001,299.0,Office Floor 1
2024-10-09,METER-002,249.5,Office Floor 2
2024-10-09,METER-003,160.7,Server Room
2024-10-10,METER-001,267.5,Office Floor 1
2024-10-10,METER-002,257.8,Office Floor 2
2024-10-10,METER-003,155.5,Server Room
2024-10-11,METER-001,306.3,Office Floor 1
2024-10-11,METER-002,253.8,Office Floor 2
2024-10-11,METER-003,170.9,Server Room
2024-10-12,METER-001,123.8,Office Floor 1
2024-10-12,METER-002,102.1,Office Floor 2
2024-10-12,METER-003,162.6,Server Room
2024-10-13,METER-001,112.5,Office Floor 1
2024-10-13,METER-002,99.4,Office Floor 2
2024-10-13,METER-003,142.9,Server Room
2024-10-14,METER-001,286.7,Office Floor 1
2024-10-14,METER-002,238.3,Office Floor 2
2024-10-14,METER-003,169.6,Server Room
2024-10-15,METER-001,292.9,Office Floor 1
2024-10-15,METER-002,243.2,Office Floor 2
2024-10-15,METER-003,173.5,Server Room
2024-10-16,METER-001,305.1,Office Floor 1
2024-10-16,METER-002,225.0,Office Floor 2
2024-10-16,METER-003,158.0,Server Room
2024-10-17,METER-001,263.3,Office Floor 1
2024-10-17,METER-002,254.8,Office Floor 2
2024-10-17,METER-003,166.6,Server Room
2024-10-18,METER-001,303.9,Office Floor 1
2024-10-18,METER-002,229.3,Office Floor 2
2024-10-18,METER-003,153.5,Server Room
2024-10-19,METER-001,121.0,Office Floor 1
2024-10-19,METER-002,101.2,Office Floor 2
2024-10-19,METER-003,150.1,Server Room
2024-10-20,METER-001,113.3,Office Floor 1
2024-10-20,METER-002,89.5,Office Floor 2
2024-10-20,METER-003,166.1,Server Room
2024-10-21,METER-001,276.1,Office Floor 1
2024-10-21,METER-002,239.7,Office Floor 2
2024-10-21,METER-003,154.4,Server Room
2024-10-22,METER-001,302.7,Office Floor 1
2024-10-22,METER-002,226.0,Office Floor 2
2024-10-22,METER-003,163.8,Server Room
2024-10-23,METER-001,292.8,Office Floor 1
2024-10-23,METER-002,249.3,Office Floor 2
2024-10-23,METER-003,176.8,Server Room
2024-10-24,METER-001,281.3,Office Floor 1
2024-10-24,METER-002,249.3,Office Floor 2
2024-10-24,METER-003,155.9,Server Room
2024-10-25,METER-001,281.1,Office Floor 1
2024-10-25,METER-002,224.6,Office Floor 2
2024-10-25,METER-003,164.7,Server Room
2024-10-26,METER-001,113.3,Office Floor 1
2024-10-26,METER-002,101.9,Office Floor 2
2024-10-26,METER-003,143.4,Server Room
2024-10-27,METER-001,112.6,Office Floor 1
2024-10-27,METER-002,94.1,Office Floor 2
2024-10-27,METER-003,166.2,Server Room
2024-10-28,METER-001,301.2,Office Floor 1
2024-10-28,METER-002,224.6,Office Floor 2
2024-10-28,METER-003,169.9,Server Room
2024-10-29,METER-001,287.0,Office Floor 1
2024-10-29,METER-002,258.3,Office Floor 2
2024-10-29,METER-003,161.3,Server Room
2024-10-30,METER-001,280.4,Office Floor 1
2024-10-30,METER-002,228.1,Office Floor 2
2024-10-30,METER-003,155.0,Server Room
2024-10-31,METER-001,300.9,Office Floor 1
2024-10-31,METER-002,238.3,Office Floor 2
2024-10-31,METER-003,169.3,Server Room
2024-11-01,METER-001,313.3,Office Floor 1
2024-11-01,METER-002,262.0,Office Floor 2
2024-11-01,METER-003,154.3,Server Room
2024-11-02,METER-001,129.3,Office Floor 1
2024-11-02,METER-002,97.9,Office Floor 2
2024-11-02,METER-003,147.5,Server Room
2024-11-03,METER-001,124.9,Office Floor 1
2024-11-03,METER-002,95.1,Office Floor 2
2024-11-03,METER-003,163.6,Server Room
2024-11-04,METER-001,292.0,Office Floor 1
2024-11-04,METER-002,246.3,Office Floor 2
2024-11-04,METER-003,176.9,Server Room
2024-11-05,METER-001,298.0,Office Floor 1
2024-11-05,METER-002,243.5,Office Floor 2
2024-11-05,METER-003,177.8,Server Room
2024-11-06,METER-001,282.0,Office Floor 1
2024-11-06,METER-002,272.8,Office Floor 2
2024-11-06,METER-003,157.6,Server Room
2024-11-07,METER-001,288.2,Office Floor 1
2024-11-07,METER-002,247.7,Office Floor 2
2024-11-07,METER-003,158.4,Server Room
2024-11-08,METER-001,314.3,Office Floor 1
2024-11-08,METER-002,238.4,Office Floor 2
2024-11-08,METER-003,154.1,Server Room
2024-11-09,METER-001,129.4,Office Floor 1
2024-11-09,METER-002,97.8,Office Floor 2
2024-11-09,METER-003,152.5,Server Room
2024-11-10,METER-001,117.2,Office Floor 1
2024-11-10,METER-002,94.8,Office Floor 2
2024-11-10,METER-003,163.0,Server Room
2024-11-11,METER-001,307.7,Office Floor 1
2024-11-11,METER-002,268.1,Office Floor 2
2024-11-11,METER-003,166.4,Server Room
2024-11-12,METER-001,320.0,Office Floor 1
2024-11-12,METER-002,258.5,Office Floor 2
2024-11-12,METER-003,156.6,Server Room
2024-11-13,METER-001,306.6,Office Floor 1
2024-11-13,METER-002,276.4,Office Floor 2
2024-11-13,METER-003,154.9,Server Room
2024-11-14,METER-001,320.3,Office Floor 1
2024-11-14,METER-002,273.1,Office Floor 2
2024-11-14,METER-003,167.6,Server Room
2024-11-15,METER-001,304.3,Office Floor 1
2024-11-15,METER-002,277.2,Office Floor 2
2024-11-15,METER-003,155.3,Server Room
2024-11-16,METER-001,123.2,Office Floor 1
2024-11-16,METER-002,100.5,Office Floor 2
2024-11-16,METER-003,161.6,Server Room
2024-11-17,METER-001,123.4,Office Floor 1
2024-11-17,METER-002,108.8,Office Floor 2
2024-11-17,METER-003,146.2,Server Room
2024-11-18,METER-001,285.8,Office Floor 1
2024-11-18,METER-002,262.5,Office Floor 2
2024-11-18,METER-003,155.5,Server Room
2024-11-19,METER-001,295.3,Office Floor 1
2024-11-19,METER-002,263.5,Office Floor 2
2024-11-19,METER-003,168.4,Server Room
2024-11-20,METER-001,297.8,Office Floor 1
2024-11-20,METER-002,278.4,Office Floor 2
2024-11-20,METER-003,167.9,Server Room
2024-11-21,METER-001,304.1,Office Floor 1
2024-11-21,METER-002,262.4,Office Floor 2
2024-11-21,METER-003,156.3,Server Room
2024-11-22,METER-001,316.3,Office Floor 1
2024-11-22,METER-002,272.6,Office Floor 2
2024-11-22,METER-003,171.1,Server Room
2024-11-23,METER-001,128.9,Office Floor 1
2024-11-23,METER-002,105.7,Office Floor 2
2024-11-23,METER-003,149.8,Server Room
2024-11-24,METER-001,122.7,Office Floor 1
2024-11-24,METER-002,97.7,Office Floor 2
2024-11-24,METER-003,152.9,Server Room
2024-11-25,METER-001,304.1,Office Floor 1
2024-11-25,METER-002,254.5,Office Floor 2
2024-11-25,METER-003,156.2,Server Room
2024-11-26,METER-001,302.8,Office Floor 1
2024-11-26,METER-002,264.8,Office Floor 2
2024-11-26,METER-003,163.7,Server Room
2024-11-27,METER-001,289.3,Office Floor 1
2024-11-27,METER-002,275.5,Office Floor 2
2024-11-27,METER-003,155.5,Server Room
2024-11-28,METER-001,322.6,Office Floor 1
2024-11-28,METER-002,241.2,Office Floor 2
2024-11-28,METER-003,156.3,Server Room
2024-11-29,METER-001,318.1,Office Floor 1
2024-11-29,METER-002,270.9,Office Floor 2
2024-11-29,METER-003,168.6,Server Room
2024-11-30,METER-001,125.3,Office Floor 1
2024-11-30,METER-002,103.1,Office Floor 2
2024-11-30,METER-003,152.7,Server Room
2024-12-01,METER-001,122.1,Office Floor 1
2024-12-01,METER-002,104.8,Office Floor 2
2024-12-01,METER-003,162.5,Server Room
2024-12-02,METER-001,334.9,Office Floor 1
2024-12-02,METER-002,287.1,Office Floor 2
2024-12-02,METER-003,174.5,Server Room
2024-12-03,METER-001,346.2,Office Floor 1
2024-12-03,METER-002,275.5,Office Floor 2
2024-12-03,METER-003,164.6,Server Room
2024-12-04,METER-001,326.0,Office Floor 1
2024-12-04,METER-002,258.7,Office Floor 2
2024-12-04,METER-003,172.8,Server Room
2024-12-05,METER-001,307.8,Office Floor 1
2024-12-05,METER-002,254.2,Office Floor 2
2024-12-05,METER-003,177.9,Server Room
2024-12-06,METER-001,315.2,Office Floor 1
2024-12-06,METER-002,282.6,Office Floor 2
2024-12-06,METER-003,170.6,Server Room
2024-12-07,METER-001,136.3,Office Floor 1
2024-12-07,METER-002,113.3,Office Floor 2
2024-12-07,METER-003,170.4,Server Room
2024-12-08,METER-001,136.6,Office Floor 1
2024-12-08,METER-002,109.3,Office Floor 2
2024-12-08,METER-003,162.0,Server Room
2024-12-09,METER-001,297.6,Office Floor 1
2024-12-09,METER-002,289.8,Office Floor 2
2024-12-09,METER-003,177.5,Server Room
2024-12-10,METER-001,310.0,Office Floor 1
2024-12-10,METER-002,257.3,Office Floor 2
2024-12-10,METER-003,174.0,Server Room
2024-12-11,METER-001,312.2,Office Floor 1
2024-12-11,METER-002,264.2,Office Floor 2
2024-12-11,METER-003,155.3,Server Room
2024-12-12,METER-001,341.1,Office Floor 1
2024-12-12,METER-002,274.1,Office Floor 2
2024-12-12,METER-003,165.9,Server Room
2024-12-13,METER-001,303.6,Office Floor 1
2024-12-13,METER-002,277.0,Office Floor 2
2024-12-13,METER-003,155.9,Server Room
2024-12-14,METER-001,135.1,Office Floor 1
2024-12-14,METER-002,102.4,Office Floor 2
2024-12-14,METER-003,156.3,Server Room
2024-12-15,METER-001,126.6,Office Floor 1
2024-12-15,METER-002,105.1,Office Floor 2
2024-12-15,METER-003,164.0,Server Room
2024-12-16,METER-001,336.3,Office Floor 1
2024-12-16,METER-002,274.1,Office Floor 2
2024-12-16,METER-003,157.4,Server Room
2024-12-17,METER-001,299.0,Office Floor 1
2024-12-17,METER-002,256.3,Office Floor 2
2024-12-17,METER-003,171.8,Server Room
2024-12-18,METER-001,331.0,Office Floor 1
2024-12-18,METER-002,261.3,Office Floor 2
2024-12-18,METER-003,172.9,Server Room
2024-12-19,METER-001,321.3,Office Floor 1
2024-12-19,METER-002,268.7,Office Floor 2
2024-12-19,METER-003,162.5,Server Room
2024-12-20,METER-001,335.2,Office Floor 1
2024-12-20,METER-002,254.4,Office Floor 2
2024-12-20,METER-003,166.7,Server Room
2024-12-21,METER-001,125.4,Office Floor 1
2024-12-21,METER-002,110.4,Office Floor 2
2024-12-21,METER-003,158.0,Server Room
2024-12-22,METER-001,133.4,Office Floor 1
2024-12-22,METER-002,99.5,Office Floor 2
2024-12-22,METER-003,155.7,Server Room
2024-12-23,METER-001,327.1,Office Floor 1
2024-12-23,METER-002,249.8,Office Floor 2
2024-12-23,METER-003,163.2,Server Room
2024-12-24,METER-001,307.1,Office Floor 1
2024-12-24,METER-002,255.4,Office Floor 2
2024-12-24,METER-003,162.0,Server Room
2024-12-25,METER-001,313.2,Office Floor 1
2024-12-25,METER-002,249.8,Office Floor 2
2024-12-25,METER-003,175.2,Server Room
2024-12-26,METER-001,305.3,Office Floor 1
2024-12-26,METER-002,266.0,Office Floor 2
2024-12-26,METER-003,174.1,Server Room
2024-12-27,METER-001,322.0,Office Floor 1
2024-12-27,METER-002,285.6,Office Floor 2
2024-12-27,METER-003,176.8,Server Room
2024-12-28,METER-001,121.0,Office Floor 1
2024-12-28,METER-002,113.6,Office Floor 2
2024-12-28,METER-003,146.8,Server Room
2024-12-29,METER-001,119.9,Office Floor 1
2024-12-29,METER-002,114.6,Office Floor 2
2024-12-29,METER-003,167.5,Server Room
2024-12-30,METER-001,325.9,Office Floor 1
2024-12-30,METER-002,274.4,Office Floor 2
2024-12-30,METER-003,174.2,Server Room
2024-12-31,METER-001,317.8,Office Floor 1
2024-12-31,METER-002,254.5,Office Floor 2
2024-12-31,METER-003,155.6,Server Room
